"rule","engine","severity","tags","file","startLine","startColumn","endLine","endColumn","message","resources"
"UnexpectedEngineError","eslint",1,,,,,,,"The engine with name 'eslint' threw an unexpected error: Error: The eslint engine encountered an unexpected error thrown from 'ESLint.lintFiles':
  | Error: Error while loading rule 'jest/no-deprecated-functions': Unable to detect Jest version - please ensure jest package is installed, or otherwise set version explicitly
  | Occurred while linting C:\Users\rodri\Desktop\troubleshoot-lwc\force-app\main\default\lwc\augmentor\__tests__\augmentor.test.js
  |     at detectJestVersion (C:\Users\rodri\AppData\Local\sf\node_modules\@salesforce\plugin-code-analyzer\node_modules\eslint-plugin-jest\lib\rules\utils\detectJestVersion.js:22:9)
  |     at create (C:\Users\rodri\AppData\Local\sf\node_modules\@salesforce\plugin-code-analyzer\node_modules\eslint-plugin-jest\lib\rules\no-deprecated-functions.js:31:107)
  |     at Object.create (C:\Users\rodri\AppData\Local\sf\node_modules\@salesforce\plugin-code-analyzer\node_modules\@typescript-eslint\utils\dist\eslint-utils\RuleCreator.js:39:20)
  |     at createRuleListeners (C:\Users\rodri\AppData\Local\sf\node_modules\@salesforce\plugin-code-analyzer\node_modules\@salesforce\code-analyzer-eslint-engine\node_modules\eslint\lib\linter\linter.js:1019:15)
  |     at C:\Users\rodri\AppData\Local\sf\node_modules\@salesforce\plugin-code-analyzer\node_modules\@salesforce\code-analyzer-eslint-engine\node_modules\eslint\lib\linter\linter.js:1151:7
  |     at Array.forEach (<anonymous>)
  |     at runRules (C:\Users\rodri\AppData\Local\sf\node_modules\@salesforce\plugin-code-analyzer\node_modules\@salesforce\code-analyzer-eslint-engine\node_modules\eslint\lib\linter\linter.js:1085:31)
  |     at #flatVerifyWithoutProcessors (C:\Users\rodri\AppData\Local\sf\node_modules\@salesforce\plugin-code-analyzer\node_modules\@salesforce\code-analyzer-eslint-engine\node_modules\eslint\lib\linter\linter.js:2115:4)
  |     at Linter._verifyWithFlatConfigArrayAndWithoutProcessors (C:\Users\rodri\AppData\Local\sf\node_modules\@salesforce\plugin-code-analyzer\node_modules\@salesforce\code-analyzer-eslint-engine\node_modules\eslint\lib\linter\linter.js:2203:43)
  |     at Linter._verifyWithFlatConfigArray (C:\Users\rodri\AppData\Local\sf\node_modules\@salesforce\plugin-code-analyzer\node_modules\@salesforce\code-analyzer-eslint-engine\node_modules\eslint\lib\linter\linter.js:2306:15)
  |     at Linter.verify (C:\Users\rodri\AppData\Local\sf\node_modules\@salesforce\plugin-code-analyzer\node_modules\@salesforce\code-analyzer-eslint-engine\node_modules\eslint\lib\linter\linter.js:1677:10)
  |     at Linter.verifyAndFix (C:\Users\rodri\AppData\Local\sf\node_modules\@salesforce\plugin-code-analyzer\node_modules\@salesforce\code-analyzer-eslint-engine\node_modules\eslint\lib\linter\linter.js:2571:20)
  |     at verifyText (C:\Users\rodri\AppData\Local\sf\node_modules\@salesforce\plugin-code-analyzer\node_modules\@salesforce\code-analyzer-eslint-engine\node_modules\eslint\lib\eslint\eslint-helpers.js:1180:45)
  |     at readAndVerifyFile (C:\Users\rodri\AppData\Local\sf\node_modules\@salesforce\plugin-code-analyzer\node_modules\@salesforce\code-analyzer-eslint-engine\node_modules\eslint\lib\eslint\eslint-helpers.js:1321:10)

ESLint options used:
    {
      ""cwd"": ""C:\\Users\\rodri\\Desktop\\troubleshoot-lwc"",
      ""errorOnUnmatchedPattern"": false,
      ""baseConfig"": [
        {
          ""linterOptions"": {
            ""reportUnusedDisableDirectives"": false
          },
          ""languageOptions"": {
            ""globals"": ""[object is hidden to keep output brief]""
          }
        },
        {
          ""languageOptions"": {
            ""parser"": {
              ""meta"": {
                ""name"": ""@babel/eslint-parser"",
                ""version"": ""7.25.9""
              },
              ""parse"": ""[Function]"",
              ""parseForESLint"": ""[Function]""
            },
            ""parserOptions"": {
              ""requireConfigFile"": false,
              ""babelOptions"": {
                ""babelrc"": false,
                ""parserOpts"": {
                  ""plugins"": {
                    ""0"": {
                      ""meta"": {
                        ""name"": ""undefined"",
                        ""version"": ""undefined""
                      },
                      ""otherProperties"": ""[plugin properties are hidden to keep output brief]""
                    }
                  }
                },
                ""configFile"": false,
                ""presets"": [
                  ""C:\\Users\\rodri\\AppData\\Local\\sf\\node_modules\\@salesforce\\plugin-code-analyzer\\node_modules\\@babel\\preset-react\\lib\\index.js""
                ]
              },
              ""sourceType"": ""undefined""
            },
            ""globals"": ""[object is hidden to keep output brief]""
          },
          ""plugins"": {
            ""@lwc/lwc"": {
              ""meta"": {
                ""name"": ""@lwc/eslint-plugin-lwc"",
                ""version"": ""3.5.0""
              },
              ""otherProperties"": ""[plugin properties are hidden to keep output brief]""
            }
          },
          ""rules"": {
            ""@lwc/lwc/no-deprecated"": ""error"",
            ""@lwc/lwc/valid-api"": ""error"",
            ""@lwc/lwc/valid-track"": ""error"",
            ""@lwc/lwc/valid-wire"": ""error"",
            ""@lwc/lwc/no-unknown-wire-adapters"": [
              ""error"",
              {
                ""adapters"": ""[array is hidden to keep output brief]""
              }
            ],
            ""@lwc/lwc/no-unexpected-wire-adapter-usages"": [
              ""error"",
              {
                ""adapters"": ""[array is hidden to keep output brief]""
              }
            ],
            ""@lwc/lwc/no-disallowed-lwc-imports"": ""error"",
            ""no-restricted-imports"": [
              ""error"",
              {
                ""patterns"": [
                  {
                    ""group"": [
                      ""@salesforce/lds"",
                      ""@salesforce/lds/**""
                    ],
                    ""message"": ""Please do not import from @salesforce/lds, these modules are ephemeral and could change at any time.""
                  }
                ]
              }
            ]
          },
          ""files"": [
            ""**/*.js"",
            ""**/*.cjs"",
            ""**/*.mjs""
          ]
        },
        {
          ""rules"": {
            ""accessor-pairs"": ""error"",
            ""array-callback-return"": ""error"",
            ""arrow-body-style"": ""error"",
            ""block-scoped-var"": ""error"",
            ""camelcase"": ""error"",
            ""capitalized-comments"": ""error"",
            ""class-methods-use-this"": ""error"",
            ""complexity"": ""error"",
            ""consistent-return"": ""error"",
            ""consistent-this"": ""error"",
            ""constructor-super"": ""error"",
            ""curly"": ""error"",
            ""default-case"": ""error"",
            ""default-case-last"": ""error"",
            ""default-param-last"": ""error"",
            ""dot-notation"": ""error"",
            ""eqeqeq"": ""error"",
            ""for-direction"": ""error"",
            ""func-name-matching"": ""error"",
            ""func-names"": ""error"",
            ""func-style"": ""error"",
            ""getter-return"": ""error"",
            ""grouped-accessor-pairs"": ""error"",
            ""guard-for-in"": ""error"",
            ""id-denylist"": ""error"",
            ""id-length"": ""error"",
            ""id-match"": ""error"",
            ""init-declarations"": ""error"",
            ""logical-assignment-operators"": ""error"",
            ""max-classes-per-file"": ""error"",
            ""max-depth"": ""error"",
            ""max-lines"": ""error"",
            ""max-lines-per-function"": ""error"",
            ""max-nested-callbacks"": ""error"",
            ""max-params"": ""error"",
            ""max-statements"": ""error"",
            ""new-cap"": ""error"",
            ""no-alert"": ""error"",
            ""no-array-constructor"": ""error"",
            ""no-async-promise-executor"": ""error"",
            ""no-await-in-loop"": ""error"",
            ""no-bitwise"": ""error"",
            ""no-caller"": ""error"",
            ""no-case-declarations"": ""error"",
            ""no-class-assign"": ""error"",
            ""no-compare-neg-zero"": ""error"",
            ""no-cond-assign"": ""error"",
            ""no-console"": ""error"",
            ""no-const-assign"": ""error"",
            ""no-constant-binary-expression"": ""error"",
            ""no-constant-condition"": ""error"",
            ""no-constructor-return"": ""error"",
            ""no-continue"": ""error"",
            ""no-control-regex"": ""error"",
            ""no-debugger"": ""error"",
            ""no-delete-var"": ""error"",
            ""no-div-regex"": ""error"",
            ""no-dupe-args"": ""error"",
            ""no-dupe-class-members"": ""error"",
            ""no-dupe-else-if"": ""error"",
            ""no-dupe-keys"": ""error"",
            ""no-duplicate-case"": ""error"",
            ""no-duplicate-imports"": ""error"",
            ""no-else-return"": ""error"",
            ""no-empty"": ""error"",
            ""no-empty-character-class"": ""error"",
            ""no-empty-function"": ""error"",
            ""no-empty-pattern"": ""error"",
            ""no-empty-static-block"": ""error"",
            ""no-eq-null"": ""error"",
            ""no-eval"": ""error"",
            ""no-ex-assign"": ""error"",
            ""no-extend-native"": ""error"",
            ""no-extra-bind"": ""error"",
            ""no-extra-boolean-cast"": ""error"",
            ""no-extra-label"": ""error"",
            ""no-fallthrough"": ""error"",
            ""no-func-assign"": ""error"",
            ""no-global-assign"": ""error"",
            ""no-implicit-coercion"": ""error"",
            ""no-implicit-globals"": ""error"",
            ""no-implied-eval"": ""error"",
            ""no-import-assign"": ""error"",
            ""no-inline-comments"": ""error"",
            ""no-inner-declarations"": ""error"",
            ""no-invalid-regexp"": ""error"",
            ""no-invalid-this"": ""error"",
            ""no-irregular-whitespace"": ""error"",
            ""no-iterator"": ""error"",
            ""no-label-var"": ""error"",
            ""no-labels"": ""error"",
            ""no-lone-blocks"": ""error"",
            ""no-lonely-if"": ""error"",
            ""no-loop-func"": ""error"",
            ""no-loss-of-precision"": ""error"",
            ""no-magic-numbers"": ""error"",
            ""no-misleading-character-class"": ""error"",
            ""no-multi-assign"": ""error"",
            ""no-multi-str"": ""error"",
            ""no-negated-condition"": ""error"",
            ""no-nested-ternary"": ""error"",
            ""no-new"": ""error"",
            ""no-new-func"": ""error"",
            ""no-new-native-nonconstructor"": ""error"",
            ""no-new-wrappers"": ""error"",
            ""no-nonoctal-decimal-escape"": ""error"",
            ""no-obj-calls"": ""error"",
            ""no-object-constructor"": ""error"",
            ""no-octal"": ""error"",
            ""no-octal-escape"": ""error"",
            ""no-param-reassign"": ""error"",
            ""no-plusplus"": ""error"",
            ""no-promise-executor-return"": ""error"",
            ""no-proto"": ""error"",
            ""no-prototype-builtins"": ""error"",
            ""no-redeclare"": ""error"",
            ""no-regex-spaces"": ""error"",
            ""no-restricted-exports"": ""error"",
            ""no-restricted-globals"": ""error"",
            ""no-restricted-imports"": ""error"",
            ""no-restricted-properties"": ""error"",
            ""no-restricted-syntax"": ""error"",
            ""no-return-assign"": ""error"",
            ""no-script-url"": ""error"",
            ""no-self-assign"": ""error"",
            ""no-self-compare"": ""error"",
            ""no-sequences"": ""error"",
            ""no-setter-return"": ""error"",
            ""no-shadow"": ""error"",
            ""no-shadow-restricted-names"": ""error"",
            ""no-sparse-arrays"": ""error"",
            ""no-template-curly-in-string"": ""error"",
            ""no-ternary"": ""error"",
            ""no-this-before-super"": ""error"",
            ""no-throw-literal"": ""error"",
            ""no-unassigned-vars"": ""error"",
            ""no-undef"": ""error"",
            ""no-undef-init"": ""error"",
            ""no-undefined"": ""error"",
            ""no-underscore-dangle"": ""error"",
            ""no-unexpected-multiline"": ""error"",
            ""no-unmodified-loop-condition"": ""error"",
            ""no-unneeded-ternary"": ""error"",
            ""no-unreachable"": ""error"",
            ""no-unreachable-loop"": ""error"",
            ""no-unsafe-finally"": ""error"",
            ""no-unsafe-negation"": ""error"",
            ""no-unsafe-optional-chaining"": ""error"",
            ""no-unused-expressions"": ""error"",
            ""no-unused-labels"": ""error"",
            ""no-unused-private-class-members"": ""error"",
            ""no-unused-vars"": ""error"",
            ""no-use-before-define"": ""error"",
            ""no-useless-assignment"": ""error"",
            ""no-useless-backreference"": ""error"",
            ""no-useless-call"": ""error"",
            ""no-useless-catch"": ""error"",
            ""no-useless-computed-key"": ""error"",
            ""no-useless-concat"": ""error"",
            ""no-useless-constructor"": ""error"",
            ""no-useless-escape"": ""error"",
            ""no-useless-rename"": ""error"",
            ""no-useless-return"": ""error"",
            ""no-var"": ""error"",
            ""no-void"": ""error"",
            ""no-warning-comments"": ""error"",
            ""no-with"": ""error"",
            ""object-shorthand"": ""error"",
            ""one-var"": ""error"",
            ""operator-assignment"": ""error"",
            ""prefer-arrow-callback"": ""error"",
            ""prefer-const"": ""error"",
            ""prefer-destructuring"": ""error"",
            ""prefer-exponentiation-operator"": ""error"",
            ""prefer-named-capture-group"": ""error"",
            ""prefer-numeric-literals"": ""error"",
            ""prefer-object-has-own"": ""error"",
            ""prefer-object-spread"": ""error"",
            ""prefer-promise-reject-errors"": ""error"",
            ""prefer-regex-literals"": ""error"",
            ""prefer-rest-params"": ""error"",
            ""prefer-spread"": ""error"",
            ""prefer-template"": ""error"",
            ""preserve-caught-error"": ""error"",
            ""radix"": ""error"",
            ""require-atomic-updates"": ""error"",
            ""require-await"": ""error"",
            ""require-unicode-regexp"": ""error"",
            ""require-yield"": ""error"",
            ""sort-imports"": ""error"",
            ""sort-keys"": ""error"",
            ""sort-vars"": ""error"",
            ""strict"": ""error"",
            ""symbol-description"": ""error"",
            ""unicode-bom"": ""error"",
            ""use-isnan"": ""error"",
            ""valid-typeof"": ""error"",
            ""vars-on-top"": ""error"",
            ""yoda"": ""error""
          },
          ""files"": [
            ""**/*.js"",
            ""**/*.cjs"",
            ""**/*.mjs"",
            ""**/*.jsx""
          ],
          ""languageOptions"": {
            ""parser"": ""[Exact same object as: <val>.baseConfig[1].languageOptions.parser]"",
            ""parserOptions"": ""[Exact same object as: <val>.baseConfig[1].languageOptions.parserOptions]"",
            ""globals"": ""[object is hidden to keep output brief]""
          }
        },
        {
          ""rules"": {
            ""import/no-unresolved"": 2,
            ""import/named"": 2,
            ""import/namespace"": 2,
            ""import/default"": 2,
            ""import/export"": 2
          },
          ""name"": ""import/errors"",
          ""plugins"": {
            ""import"": {
              ""meta"": {
                ""name"": ""eslint-plugin-import"",
                ""version"": ""2.32.0""
              },
              ""otherProperties"": ""[plugin properties are hidden to keep output brief]""
            }
          },
          ""files"": ""[Exact same array as: <val>.baseConfig[1].files]""
        },
        {
          ""plugins"": {
            ""jest"": {
              ""meta"": {
                ""name"": ""eslint-plugin-jest"",
                ""version"": ""29.12.1""
              },
              ""otherProperties"": ""[plugin properties are hidden to keep output brief]""
            }
          },
          ""languageOptions"": {
            ""globals"": ""[object is hidden to keep output brief]""
          },
          ""rules"": {
            ""jest/expect-expect"": ""warn"",
            ""jest/no-alias-methods"": ""error"",
            ""jest/no-commented-out-tests"": ""warn"",
            ""jest/no-conditional-expect"": ""error"",
            ""jest/no-deprecated-functions"": ""off"",
            ""jest/no-disabled-tests"": ""warn"",
            ""jest/no-done-callback"": ""error"",
            ""jest/no-export"": ""error"",
            ""jest/no-focused-tests"": ""error"",
            ""jest/no-identical-title"": ""error"",
            ""jest/no-interpolation-in-snapshots"": ""error"",
            ""jest/no-jasmine-globals"": ""error"",
            ""jest/no-mocks-import"": ""error"",
            ""jest/no-standalone-expect"": ""error"",
            ""jest/no-test-prefixes"": ""error"",
            ""jest/valid-describe-callback"": ""error"",
            ""jest/valid-expect"": ""error"",
            ""jest/valid-expect-in-promise"": ""error"",
            ""jest/valid-title"": ""error""
          },
          ""files"": ""[Exact same array as: <val>.baseConfig[1].files]""
        },
        {
          ""plugins"": {
            ""@salesforce/lightning"": {
              ""meta"": {
                ""name"": ""@salesforce/eslint-plugin-lightning"",
                ""version"": ""2.0.0""
              },
              ""otherProperties"": ""[plugin properties are hidden to keep output brief]""
            }
          },
          ""languageOptions"": {
            ""globals"": ""[object is hidden to keep output brief]""
          },
          ""rules"": {
            ""jest/no-deprecated-functions"": ""off"",
            ""no-await-in-loop"": ""error"",
            ""array-callback-return"": ""error"",
            ""consistent-return"": ""error"",
            ""default-case"": ""error"",
            ""dot-notation"": [
              ""error"",
              {
                ""allowKeywords"": true
              }
            ],
            ""eqeqeq"": [
              ""error"",
              ""smart""
            ],
            ""guard-for-in"": ""error"",
            ""no-alert"": ""error"",
            ""no-caller"": ""error"",
            ""no-else-return"": ""error"",
            ""no-empty-function"": [
              ""error"",
              {
                ""allow"": [
                  ""arrowFunctions"",
                  ""functions"",
                  ""methods""
                ]
              }
            ],
            ""no-eval"": ""error"",
            ""no-extend-native"": ""error"",
            ""no-extra-bind"": ""error"",
            ""no-floating-decimal"": ""error"",
            ""no-implied-eval"": ""error"",
            ""no-iterator"": ""error"",
            ""no-labels"": ""error"",
            ""no-loop-func"": ""error"",
            ""no-multi-str"": ""error"",
            ""no-new"": ""error"",
            ""no-new-func"": ""error"",
            ""no-new-object"": ""error"",
            ""no-new-wrappers"": ""error"",
            ""no-octal-escape"": ""error"",
            ""no-proto"": ""error"",
            ""no-return-assign"": ""error"",
            ""no-return-await"": ""error"",
            ""no-script-url"": ""error"",
            ""no-self-compare"": ""error"",
            ""no-sequences"": ""error"",
            ""no-throw-literal"": ""error"",
            ""no-useless-concat"": ""error"",
            ""no-useless-escape"": ""error"",
            ""no-useless-return"": ""error"",
            ""no-unused-expressions"": ""error"",
            ""no-void"": ""error"",
            ""no-with"": ""error"",
            ""radix"": ""error"",
            ""vars-on-top"": ""error"",
            ""wrap-iife"": [
              ""error"",
              ""any""
            ],
            ""no-label-var"": ""error"",
            ""no-restricted-globals"": [
              ""error"",
              ""addEventListener"",
              ""blur"",
              ""close"",
              ""closed"",
              ""confirm"",
              ""defaultStatus"",
              ""event"",
              ""external"",
              ""defaultstatus"",
              ""find"",
              ""focus"",
              ""frameElement"",
              ""frames"",
              ""history"",
              ""innerHeight"",
              ""innerWidth"",
              ""length"",
              ""location"",
              ""locationbar"",
              ""menubar"",
              ""moveBy"",
              ""moveTo"",
              ""name"",
              ""onblur"",
              ""onerror"",
              ""onfocus"",
              ""onload"",
              ""onresize"",
              ""onunload"",
              ""open"",
              ""opener"",
              ""opera"",
              ""outerHeight"",
              ""outerWidth"",
              ""pageXOffset"",
              ""pageYOffset"",
              ""parent"",
              ""print"",
              ""removeEventListener"",
              ""resizeBy"",
              ""resizeTo"",
              ""screen"",
              ""screenLeft"",
              ""screenTop"",
              ""screenX"",
              ""screenY"",
              ""scroll"",
              ""scrollbars"",
              ""scrollBy"",
              ""scrollTo"",
              ""scrollX"",
              ""scrollY"",
              ""self"",
              ""status"",
              ""statusbar"",
              ""stop"",
              ""toolbar"",
              ""top""
            ],
            ""no-shadow"": ""error"",
            ""no-shadow-restricted-names"": ""error"",
            ""no-undef-init"": ""error"",
            ""no-unused-vars"": [
              ""error"",
              {
                ""vars"": ""all"",
                ""args"": ""after-used""
              }
            ],
            ""no-use-before-define"": [
              ""error"",
              {
                ""functions"": false
              }
            ],
            ""handle-callback-err"": ""error"",
            ""no-confusing-arrow"": ""error"",
            ""no-useless-computed-key"": ""error"",
            ""no-useless-constructor"": ""error"",
            ""no-useless-rename"": ""error"",
            ""@lwc/lwc/no-api-reassignments"": ""error"",
            ""@lwc/lwc/no-async-operation"": ""error"",
            ""@lwc/lwc/no-attributes-during-construction"": ""error"",
            ""@lwc/lwc/no-document-query"": ""error"",
            ""@lwc/lwc/no-inner-html"": ""error"",
            ""@lwc/lwc/no-leading-uppercase-api-name"": ""error"",
            ""@lwc/lwc/no-template-children"": ""error"",
            ""@lwc/lwc/prefer-custom-event"": ""error"",
            ""@lwc/lwc/valid-api"": [
              ""error"",
              {
                ""disallowUnderscoreUppercaseMix"": true
              }
            ],
            ""@lwc/lwc/valid-graphql-wire-adapter-callback-parameters"": ""error"",
            ""@lwc/lwc/newer-version-available"": ""error"",
            ""@salesforce/lightning/valid-apex-method-invocation"": ""error"",
            ""import/no-unresolved"": ""off"",
            ""@lwc/lwc/no-dupe-class-members"": ""off""
          },
          ""files"": ""[Exact same array as: <val>.baseConfig[1].files]""
        },
        {
          ""plugins"": {
            ""@lwc/lwc-platform"": {
              ""meta"": {
                ""name"": ""@salesforce/eslint-plugin-lightning"",
                ""version"": ""6.3.0""
              },
              ""otherProperties"": ""[plugin properties are hidden to keep output brief]""
            }
          },
          ""rules"": {
            ""@lwc/lwc-platform/no-aura-libs"": ""error"",
            ""@lwc/lwc-platform/no-aura"": ""error"",
            ""@lwc/lwc-platform/no-community-import"": ""error"",
            ""@lwc/lwc-platform/no-create-context-provider"": ""error"",
            ""@lwc/lwc-platform/no-deprecated-module-import"": ""error"",
            ""@lwc/lwc-platform/no-dynamic-import"": ""off"",
            ""@lwc/lwc-platform/no-dynamic-import-identifier"": ""error"",
            ""@lwc/lwc-platform/no-dynamic-import-relative-path-string"": ""off"",
            ""@lwc/lwc-platform/no-restricted-namespaces"": ""error"",
            ""@lwc/lwc-platform/no-inline-disable"": ""error"",
            ""@lwc/lwc-platform/no-interop-create"": ""error"",
            ""@lwc/lwc-platform/no-interop-dispatch"": ""error"",
            ""@lwc/lwc-platform/no-interop-execute"": ""error"",
            ""@lwc/lwc-platform/no-interop-execute-privileged"": ""error"",
            ""@lwc/lwc-platform/no-interop-execute-raw-response"": ""error"",
            ""@lwc/lwc-platform/no-interop-execute-with-callback"": ""error"",
            ""@lwc/lwc-platform/no-interop-get-event"": ""error"",
            ""@lwc/lwc-platform/no-interop-get-module"": ""error"",
            ""@lwc/lwc-platform/no-interop-is-external-definition"": ""error"",
            ""@lwc/lwc-platform/no-interop-module-instrumentation"": ""error"",
            ""@lwc/lwc-platform/no-interop-module-storage"": ""error"",
            ""@lwc/lwc-platform/no-interop-load-definitions"": ""error"",
            ""@lwc/lwc-platform/no-interop-execute-controller-with-client-def"": ""error"",
            ""@lwc/lwc-platform/no-interop-register"": ""error"",
            ""@lwc/lwc-platform/no-interop-sanitize"": ""error"",
            ""@lwc/lwc-platform/no-interop-render"": ""error"",
            ""@lwc/lwc-platform/no-interop"": ""error"",
            ""@lwc/lwc-platform/no-lds-aura-controller-method"": ""error"",
            ""@lwc/lwc-platform/no-process-env"": ""error"",
            ""@lwc/lwc-platform/no-site-import"": ""error"",
            ""@lwc/lwc-platform/no-wire-service"": ""error"",
            ""@lwc/lwc-platform/valid-dynamic-import-hint"": ""error"",
            ""@lwc/lwc-platform/valid-offline-wire"": ""off""
          },
          ""files"": ""[Exact same array as: <val>.baseConfig[1].files]""
        },
        {
          ""files"": [
            ""**/*.css"",
            ""**/*.scss""
          ],
          ""language"": ""css/css"",
          ""languageOptions"": {
            ""tolerant"": true
          },
          ""plugins"": {
            ""css"": {
              ""meta"": {
                ""name"": ""@eslint/css"",
                ""version"": ""0.9.0""
              },
              ""otherProperties"": ""[plugin properties are hidden to keep output brief]""
            },
            ""@salesforce-ux/slds"": {
              ""meta"": {
                ""name"": ""@salesforce-ux/eslint-plugin-slds"",
                ""version"": ""1.2.1""
              },
              ""otherProperties"": ""[plugin properties are hidden to keep output brief]""
            }
          },
          ""rules"": {
            ""@salesforce-ux/slds/no-slds-class-overrides"": ""warn"",
            ""@salesforce-ux/slds/no-deprecated-classes-slds2"": ""warn"",
            ""@salesforce-ux/slds/lwc-token-to-slds-hook"": ""error"",
            ""@salesforce-ux/slds/enforce-sds-to-slds-hooks"": ""warn"",
            ""@salesforce-ux/slds/no-sldshook-fallback-for-lwctoken"": ""warn"",
            ""@salesforce-ux/slds/no-unsupported-hooks-slds2"": ""warn"",
            ""@salesforce-ux/slds/no-slds-var-without-fallback"": ""warn"",
            ""@salesforce-ux/slds/no-slds-namespace-for-custom-hooks"": ""warn"",
            ""@salesforce-ux/slds/enforce-component-hook-naming-convention"": ""error"",
            ""@salesforce-ux/slds/no-slds-private-var"": ""warn"",
            ""@salesforce-ux/slds/no-hardcoded-values-slds2"": ""warn"",
            ""@salesforce-ux/slds/reduce-annotations"": ""warn""
          },
          ""settings"": {
            ""sldsRules"": {
              ""@salesforce-ux/slds/no-slds-class-overrides"": ""warn"",
              ""@salesforce-ux/slds/no-deprecated-classes-slds2"": ""warn"",
              ""@salesforce-ux/slds/lwc-token-to-slds-hook"": ""error"",
              ""@salesforce-ux/slds/enforce-sds-to-slds-hooks"": ""warn"",
              ""@salesforce-ux/slds/no-sldshook-fallback-for-lwctoken"": ""warn"",
              ""@salesforce-ux/slds/no-unsupported-hooks-slds2"": ""warn"",
              ""@salesforce-ux/slds/no-slds-var-without-fallback"": ""warn"",
              ""@salesforce-ux/slds/no-slds-namespace-for-custom-hooks"": ""warn"",
              ""@salesforce-ux/slds/enforce-component-hook-naming-convention"": ""error"",
              ""@salesforce-ux/slds/no-slds-private-var"": ""warn"",
              ""@salesforce-ux/slds/no-hardcoded-values-slds2"": ""warn"",
              ""@salesforce-ux/slds/reduce-annotations"": ""warn""
            }
          }
        },
        {
          ""files"": [
            ""**/*.html"",
            ""**/*.htm"",
            ""**/*.cmp""
          ],
          ""languageOptions"": {
            ""parser"": {
              ""TEMPLATE_ENGINE_SYNTAX"": {
                ""HANDLEBAR"": {
                  ""{{"": ""}}""
                },
                ""TWIG"": {
                  ""{{"": ""}}"",
                  ""{%"": ""%}"",
                  ""{#"": ""#}""
                },
                ""ERB"": {
                  ""<%"": ""%>""
                }
              },
              ""parseForESLint"": ""[Function]"",
              ""NODE_TYPES"": {
                ""Document"": ""Document"",
                ""Tag"": ""Tag"",
                ""Text"": ""Text"",
                ""Doctype"": ""Doctype"",
                ""Comment"": ""Comment"",
                ""CommentOpen"": ""CommentOpen"",
                ""CommentClose"": ""CommentClose"",
                ""CommentContent"": ""CommentContent"",
                ""Attribute"": ""Attribute"",
                ""AttributeKey"": ""AttributeKey"",
                ""AttributeValue"": ""AttributeValue"",
                ""AttributeValueWrapperStart"": ""AttributeValueWrapperStart"",
                ""AttributeValueWrapperEnd"": ""AttributeValueWrapperEnd"",
                ""CloseTag"": ""CloseTag"",
                ""OpenTagEnd"": ""OpenTagEnd"",
                ""OpenTagStart"": ""OpenTagStart"",
                ""DoctypeOpen"": ""DoctypeOpen"",
                ""DoctypeAttribute"": ""DoctypeAttribute"",
                ""DoctypeClose"": ""DoctypeClose"",
                ""ScriptTag"": ""ScriptTag"",
                ""OpenScriptTagStart"": ""OpenScriptTagStart"",
                ""OpenScriptTagEnd"": ""OpenScriptTagEnd"",
                ""ScriptTagContent"": ""ScriptTagContent"",
                ""StyleTag"": ""StyleTag"",
                ""OpenStyleTagStart"": ""OpenStyleTagStart"",
                ""OpenStyleTagEnd"": ""OpenStyleTagEnd"",
                ""StyleTagContent"": ""StyleTagContent"",
                ""CloseStyleTag"": ""CloseStyleTag"",
                ""CloseScriptTag"": ""CloseScriptTag"",
                ""DoctypeAttributeValue"": ""DoctypeAttributeValue"",
                ""DoctypeAttributeWrapperStart"": ""DoctypeAttributeWrapperStart"",
                ""DoctypeAttributeWrapperEnd"": ""DoctypeAttributeWrapperEnd""
              },
              ""meta"": {
                ""name"": ""@html-eslint/parser"",
                ""version"": ""0.34.0""
              }
            },
            ""ecmaVersion"": 2021,
            ""sourceType"": ""module""
          },
          ""plugins"": {
            ""@salesforce-ux/slds"": {
              ""meta"": {
                ""name"": ""@salesforce-ux/eslint-plugin-slds"",
                ""version"": ""1.2.1""
              },
              ""otherProperties"": ""[plugin properties are hidden to keep output brief]""
            }
          },
          ""rules"": {
            ""@salesforce-ux/slds/enforce-bem-usage"": ""error"",
            ""@salesforce-ux/slds/no-deprecated-classes-slds2"": ""error"",
            ""@salesforce-ux/slds/modal-close-button-issue"": ""error""
          }
        },
        {
          ""rules"": ""[Exact same object as: <val>.baseConfig[2].rules]"",
          ""files"": [
            ""**/*.ts"",
            ""**/*.tsx""
          ],
          ""languageOptions"": {
            ""parserOptions"": {
              ""projectService"": true
            }
          }
        },
        {
          ""name"": ""typescript-eslint/base"",
          ""languageOptions"": {
            ""parser"": {
              ""meta"": {
                ""name"": ""typescript-eslint/parser"",
                ""version"": ""8.57.1""
              },
              ""parseForESLint"": ""[Function]""
            },
            ""sourceType"": ""module"",
            ""parserOptions"": {
              ""projectService"": true
            }
          },
          ""plugins"": {
            ""@typescript-eslint"": {
              ""meta"": {
                ""name"": ""@typescript-eslint/eslint-plugin"",
                ""version"": ""8.57.1""
              },
              ""otherProperties"": ""[plugin properties are hidden to keep output brief]""
            }
          },
          ""files"": ""[Exact same array as: <val>.baseConfig[9].files]""
        },
        {
          ""files"": ""[Exact same array as: <val>.baseConfig[9].files]"",
          ""rules"": {
            ""constructor-super"": ""off"",
            ""getter-return"": ""off"",
            ""no-class-assign"": ""off"",
            ""no-const-assign"": ""off"",
            ""no-dupe-args"": ""off"",
            ""no-dupe-class-members"": ""off"",
            ""no-dupe-keys"": ""off"",
            ""no-func-assign"": ""off"",
            ""no-import-assign"": ""off"",
            ""no-new-native-nonconstructor"": ""off"",
            ""no-new-symbol"": ""off"",
            ""no-obj-calls"": ""off"",
            ""no-redeclare"": ""off"",
            ""no-setter-return"": ""off"",
            ""no-this-before-super"": ""off"",
            ""no-undef"": ""off"",
            ""no-unreachable"": ""off"",
            ""no-unsafe-negation"": ""off"",
            ""no-var"": ""error"",
            ""no-with"": ""off"",
            ""prefer-const"": ""error"",
            ""prefer-rest-params"": ""error"",
            ""prefer-spread"": ""error""
          },
          ""name"": ""typescript-eslint/eslint-recommended"",
          ""languageOptions"": {
            ""parserOptions"": {
              ""projectService"": true
            }
          }
        },
        {
          ""name"": ""typescript-eslint/all"",
          ""rules"": {
            ""@typescript-eslint/adjacent-overload-signatures"": ""error"",
            ""@typescript-eslint/array-type"": ""error"",
            ""@typescript-eslint/await-thenable"": ""error"",
            ""@typescript-eslint/ban-ts-comment"": ""error"",
            ""@typescript-eslint/ban-tslint-comment"": ""error"",
            ""@typescript-eslint/class-literal-property-style"": ""error"",
            ""class-methods-use-this"": ""off"",
            ""@typescript-eslint/class-methods-use-this"": ""error"",
            ""@typescript-eslint/consistent-generic-constructors"": ""error"",
            ""@typescript-eslint/consistent-indexed-object-style"": ""error"",
            ""consistent-return"": ""off"",
            ""@typescript-eslint/consistent-return"": ""error"",
            ""@typescript-eslint/consistent-type-assertions"": ""error"",
            ""@typescript-eslint/consistent-type-definitions"": ""error"",
            ""@typescript-eslint/consistent-type-exports"": ""error"",
            ""@typescript-eslint/consistent-type-imports"": ""error"",
            ""default-param-last"": ""off"",
            ""@typescript-eslint/default-param-last"": ""error"",
            ""dot-notation"": ""off"",
            ""@typescript-eslint/dot-notation"": ""error"",
            ""@typescript-eslint/explicit-function-return-type"": ""error"",
            ""@typescript-eslint/explicit-member-accessibility"": ""error"",
            ""@typescript-eslint/explicit-module-boundary-types"": ""error"",
            ""init-declarations"": ""off"",
            ""@typescript-eslint/init-declarations"": ""error"",
            ""max-params"": ""off"",
            ""@typescript-eslint/max-params"": ""error"",
            ""@typescript-eslint/member-ordering"": ""error"",
            ""@typescript-eslint/method-signature-style"": ""error"",
            ""@typescript-eslint/naming-convention"": ""error"",
            ""no-array-constructor"": ""off"",
            ""@typescript-eslint/no-array-constructor"": ""error"",
            ""@typescript-eslint/no-array-delete"": ""error"",
            ""@typescript-eslint/no-base-to-string"": ""error"",
            ""@typescript-eslint/no-confusing-non-null-assertion"": ""error"",
            ""@typescript-eslint/no-confusing-void-expression"": ""error"",
            ""@typescript-eslint/no-deprecated"": ""error"",
            ""no-dupe-class-members"": ""off"",
            ""@typescript-eslint/no-dupe-class-members"": ""error"",
            ""@typescript-eslint/no-duplicate-enum-values"": ""error"",
            ""@typescript-eslint/no-duplicate-type-constituents"": ""error"",
            ""@typescript-eslint/no-dynamic-delete"": ""error"",
            ""no-empty-function"": ""off"",
            ""@typescript-eslint/no-empty-function"": ""error"",
            ""@typescript-eslint/no-empty-object-type"": ""error"",
            ""@typescript-eslint/no-explicit-any"": ""error"",
            ""@typescript-eslint/no-extra-non-null-assertion"": ""error"",
            ""@typescript-eslint/no-extraneous-class"": ""error"",
            ""@typescript-eslint/no-floating-promises"": ""error"",
            ""@typescript-eslint/no-for-in-array"": ""error"",
            ""no-implied-eval"": ""off"",
            ""@typescript-eslint/no-implied-eval"": ""error"",
            ""@typescript-eslint/no-import-type-side-effects"": ""error"",
            ""@typescript-eslint/no-inferrable-types"": ""error"",
            ""no-invalid-this"": ""off"",
            ""@typescript-eslint/no-invalid-this"": ""error"",
            ""@typescript-eslint/no-invalid-void-type"": ""error"",
            ""no-loop-func"": ""off"",
            ""@typescript-eslint/no-loop-func"": ""error"",
            ""no-magic-numbers"": ""off"",
            ""@typescript-eslint/no-magic-numbers"": ""error"",
            ""@typescript-eslint/no-meaningless-void-operator"": ""error"",
            ""@typescript-eslint/no-misused-new"": ""error"",
            ""@typescript-eslint/no-misused-promises"": ""error"",
            ""@typescript-eslint/no-misused-spread"": ""error"",
            ""@typescript-eslint/no-mixed-enums"": ""error"",
            ""@typescript-eslint/no-namespace"": ""error"",
            ""@typescript-eslint/no-non-null-asserted-nullish-coalescing"": ""error"",
            ""@typescript-eslint/no-non-null-asserted-optional-chain"": ""error"",
            ""@typescript-eslint/no-non-null-assertion"": ""error"",
            ""no-redeclare"": ""off"",
            ""@typescript-eslint/no-redeclare"": ""error"",
            ""@typescript-eslint/no-redundant-type-constituents"": ""error"",
            ""@typescript-eslint/no-require-imports"": ""error"",
            ""no-restricted-imports"": ""off"",
            ""@typescript-eslint/no-restricted-imports"": ""error"",
            ""@typescript-eslint/no-restricted-types"": ""error"",
            ""no-shadow"": ""off"",
            ""@typescript-eslint/no-shadow"": ""error"",
            ""@typescript-eslint/no-this-alias"": ""error"",
            ""@typescript-eslint/no-unnecessary-boolean-literal-compare"": ""error"",
            ""@typescript-eslint/no-unnecessary-condition"": ""error"",
            ""@typescript-eslint/no-unnecessary-parameter-property-assignment"": ""error"",
            ""@typescript-eslint/no-unnecessary-qualifier"": ""error"",
            ""@typescript-eslint/no-unnecessary-template-expression"": ""error"",
            ""@typescript-eslint/no-unnecessary-type-arguments"": ""error"",
            ""@typescript-eslint/no-unnecessary-type-assertion"": ""error"",
            ""@typescript-eslint/no-unnecessary-type-constraint"": ""error"",
            ""@typescript-eslint/no-unnecessary-type-conversion"": ""error"",
            ""@typescript-eslint/no-unnecessary-type-parameters"": ""error"",
            ""@typescript-eslint/no-unsafe-argument"": ""error"",
            ""@typescript-eslint/no-unsafe-assignment"": ""error"",
            ""@typescript-eslint/no-unsafe-call"": ""error"",
            ""@typescript-eslint/no-unsafe-declaration-merging"": ""error"",
            ""@typescript-eslint/no-unsafe-enum-comparison"": ""error"",
            ""@typescript-eslint/no-unsafe-function-type"": ""error"",
            ""@typescript-eslint/no-unsafe-member-access"": ""error"",
            ""@typescript-eslint/no-unsafe-return"": ""error"",
            ""@typescript-eslint/no-unsafe-type-assertion"": ""error"",
            ""@typescript-eslint/no-unsafe-unary-minus"": ""error"",
            ""no-unused-expressions"": ""off"",
            ""@typescript-eslint/no-unused-expressions"": ""error"",
            ""no-unused-private-class-members"": ""off"",
            ""@typescript-eslint/no-unused-private-class-members"": ""error"",
            ""no-unused-vars"": ""off"",
            ""@typescript-eslint/no-unused-vars"": ""error"",
            ""no-use-before-define"": ""off"",
            ""@typescript-eslint/no-use-before-define"": ""error"",
            ""no-useless-constructor"": ""off"",
            ""@typescript-eslint/no-useless-constructor"": ""error"",
            ""@typescript-eslint/no-useless-default-assignment"": ""error"",
            ""@typescript-eslint/no-useless-empty-export"": ""error"",
            ""@typescript-eslint/no-wrapper-object-types"": ""error"",
            ""@typescript-eslint/non-nullable-type-assertion-style"": ""error"",
            ""no-throw-literal"": ""off"",
            ""@typescript-eslint/only-throw-error"": ""error"",
            ""@typescript-eslint/parameter-properties"": ""error"",
            ""@typescript-eslint/prefer-as-const"": ""error"",
            ""prefer-destructuring"": ""off"",
            ""@typescript-eslint/prefer-destructuring"": ""error"",
            ""@typescript-eslint/prefer-enum-initializers"": ""error"",
            ""@typescript-eslint/prefer-find"": ""error"",
            ""@typescript-eslint/prefer-for-of"": ""error"",
            ""@typescript-eslint/prefer-function-type"": ""error"",
            ""@typescript-eslint/prefer-includes"": ""error"",
            ""@typescript-eslint/prefer-literal-enum-member"": ""error"",
            ""@typescript-eslint/prefer-namespace-keyword"": ""error"",
            ""@typescript-eslint/prefer-nullish-coalescing"": ""error"",
            ""@typescript-eslint/prefer-optional-chain"": ""error"",
            ""prefer-promise-reject-errors"": ""off"",
            ""@typescript-eslint/prefer-promise-reject-errors"": ""error"",
            ""@typescript-eslint/prefer-readonly"": ""error"",
            ""@typescript-eslint/prefer-readonly-parameter-types"": ""error"",
            ""@typescript-eslint/prefer-reduce-type-parameter"": ""error"",
            ""@typescript-eslint/prefer-regexp-exec"": ""error"",
            ""@typescript-eslint/prefer-return-this-type"": ""error"",
            ""@typescript-eslint/prefer-string-starts-ends-with"": ""error"",
            ""@typescript-eslint/promise-function-async"": ""error"",
            ""@typescript-eslint/related-getter-setter-pairs"": ""error"",
            ""@typescript-eslint/require-array-sort-compare"": ""error"",
            ""require-await"": ""off"",
            ""@typescript-eslint/require-await"": ""error"",
            ""@typescript-eslint/restrict-plus-operands"": ""error"",
            ""@typescript-eslint/restrict-template-expressions"": ""error"",
            ""no-return-await"": ""off"",
            ""@typescript-eslint/return-await"": ""error"",
            ""@typescript-eslint/strict-boolean-expressions"": ""error"",
            ""@typescript-eslint/strict-void-return"": ""error"",
            ""@typescript-eslint/switch-exhaustiveness-check"": ""error"",
            ""@typescript-eslint/triple-slash-reference"": ""error"",
            ""@typescript-eslint/unbound-method"": ""error"",
            ""@typescript-eslint/unified-signatures"": ""error"",
            ""@typescript-eslint/use-unknown-in-catch-callback-variable"": ""error""
          },
          ""files"": ""[Exact same array as: <val>.baseConfig[9].files]"",
          ""languageOptions"": {
            ""parserOptions"": {
              ""projectService"": true
            }
          }
        },
        {
          ""plugins"": {
            ""react"": {
              ""meta"": {
                ""name"": ""undefined"",
                ""version"": ""undefined""
              },
              ""otherProperties"": ""[plugin properties are hidden to keep output brief]""
            }
          },
          ""rules"": {
            ""react/boolean-prop-naming"": 2,
            ""react/button-has-type"": 2,
            ""react/checked-requires-onchange-or-readonly"": 2,
            ""react/default-props-match-prop-types"": 2,
            ""react/destructuring-assignment"": 2,
            ""react/display-name"": 2,
            ""react/forbid-component-props"": 2,
            ""react/forbid-dom-props"": 2,
            ""react/forbid-elements"": 2,
            ""react/forbid-foreign-prop-types"": 2,
            ""react/forbid-prop-types"": 2,
            ""react/forward-ref-uses-ref"": 2,
            ""react/function-component-definition"": 2,
            ""react/hook-use-state"": 2,
            ""react/iframe-missing-sandbox"": 2,
            ""react/jsx-boolean-value"": 2,
            ""react/jsx-child-element-spacing"": 2,
            ""react/jsx-closing-bracket-location"": 2,
            ""react/jsx-closing-tag-location"": 2,
            ""react/jsx-curly-spacing"": 2,
            ""react/jsx-curly-newline"": 2,
            ""react/jsx-equals-spacing"": 2,
            ""react/jsx-filename-extension"": 2,
            ""react/jsx-first-prop-new-line"": 2,
            ""react/jsx-handler-names"": 2,
            ""react/jsx-indent"": 2,
            ""react/jsx-indent-props"": 2,
            ""react/jsx-key"": 2,
            ""react/jsx-max-depth"": 2,
            ""react/jsx-max-props-per-line"": 2,
            ""react/jsx-newline"": 2,
            ""react/jsx-no-bind"": 2,
            ""react/jsx-no-comment-textnodes"": 2,
            ""react/jsx-no-constructed-context-values"": 2,
            ""react/jsx-no-duplicate-props"": 2,
            ""react/jsx-no-leaked-render"": 2,
            ""react/jsx-no-literals"": 2,
            ""react/jsx-no-script-url"": 2,
            ""react/jsx-no-target-blank"": 2,
            ""react/jsx-no-useless-fragment"": 2,
            ""react/jsx-one-expression-per-line"": 2,
            ""react/jsx-no-undef"": 2,
            ""react/jsx-curly-brace-presence"": 2,
            ""react/jsx-pascal-case"": 2,
            ""react/jsx-fragments"": 2,
            ""react/jsx-props-no-multi-spaces"": 2,
            ""react/jsx-props-no-spreading"": 2,
            ""react/jsx-props-no-spread-multi"": 2,
            ""react/jsx-sort-props"": 2,
            ""react/jsx-tag-spacing"": 2,
            ""react/jsx-uses-react"": 2,
            ""react/jsx-uses-vars"": 2,
            ""react/jsx-wrap-multilines"": 2,
            ""react/no-invalid-html-attribute"": 2,
            ""react/no-access-state-in-setstate"": 2,
            ""react/no-adjacent-inline-elements"": 2,
            ""react/no-array-index-key"": 2,
            ""react/no-arrow-function-lifecycle"": 2,
            ""react/no-children-prop"": 2,
            ""react/no-danger"": 2,
            ""react/no-danger-with-children"": 2,
            ""react/no-deprecated"": 2,
            ""react/no-did-mount-set-state"": 2,
            ""react/no-did-update-set-state"": 2,
            ""react/no-direct-mutation-state"": 2,
            ""react/no-find-dom-node"": 2,
            ""react/no-is-mounted"": 2,
            ""react/no-multi-comp"": 2,
            ""react/no-namespace"": 2,
            ""react/no-set-state"": 2,
            ""react/no-string-refs"": 2,
            ""react/no-redundant-should-component-update"": 2,
            ""react/no-render-return-value"": 2,
            ""react/no-this-in-sfc"": 2,
            ""react/no-typos"": 2,
            ""react/no-unescaped-entities"": 2,
            ""react/no-unknown-property"": 2,
            ""react/no-unsafe"": 2,
            ""react/no-unstable-nested-components"": 2,
            ""react/no-unused-class-component-methods"": 2,
            ""react/no-unused-prop-types"": 2,
            ""react/no-unused-state"": 2,
            ""react/no-object-type-as-default-prop"": 2,
            ""react/no-will-update-set-state"": 2,
            ""react/prefer-es6-class"": 2,
            ""react/prefer-exact-props"": 2,
            ""react/prefer-read-only-props"": 2,
            ""react/prefer-stateless-function"": 2,
            ""react/prop-types"": 2,
            ""react/react-in-jsx-scope"": 2,
            ""react/require-default-props"": 2,
            ""react/require-optimization"": 2,
            ""react/require-render-return"": 2,
            ""react/self-closing-comp"": 2,
            ""react/sort-comp"": 2,
            ""react/sort-default-props"": 2,
            ""react/sort-prop-types"": 2,
            ""react/state-in-constructor"": 2,
            ""react/static-property-placement"": 2,
            ""react/style-prop-object"": 2,
            ""react/void-dom-elements-no-children"": 2
          },
          ""languageOptions"": {
            ""parserOptions"": {
              ""ecmaFeatures"": {
                ""jsx"": true
              }
            }
          },
          ""files"": [
            ""**/*.js"",
            ""**/*.cjs"",
            ""**/*.mjs"",
            ""**/*.jsx"",
            ""**/*.ts"",
            ""**/*.tsx""
          ],
          ""settings"": {
            ""react"": {
              ""version"": ""detect"",
              ""pragma"": ""React""
            }
          }
        },
        {
          ""plugins"": {
            ""react"": {
              ""meta"": {
                ""name"": ""undefined"",
                ""version"": ""undefined""
              },
              ""otherProperties"": ""[plugin properties are hidden to keep output brief]""
            }
          },
          ""rules"": {
            ""react/react-in-jsx-scope"": 0,
            ""react/jsx-uses-react"": 0
          },
          ""languageOptions"": {
            ""parserOptions"": {
              ""ecmaFeatures"": {
                ""jsx"": true
              },
              ""jsxPragma"": null
            }
          },
          ""files"": ""[Exact same array as: <val>.baseConfig[13].files]""
        },
        {
          ""plugins"": {
            ""react-hooks"": {
              ""meta"": {
                ""name"": ""eslint-plugin-react-hooks"",
                ""version"": ""7.0.0""
              },
              ""otherProperties"": ""[plugin properties are hidden to keep output brief]""
            }
          },
          ""rules"": {
            ""react-hooks/rules-of-hooks"": ""error"",
            ""react-hooks/exhaustive-deps"": ""warn""
          },
          ""files"": ""[Exact same array as: <val>.baseConfig[13].files]""
        },
        {
          ""languageOptions"": {
            ""parserOptions"": {
              ""ecmaFeatures"": {
                ""jsx"": true
              }
            }
          },
          ""name"": ""jsx-a11y/strict"",
          ""plugins"": {
            ""jsx-a11y"": {
              ""meta"": {
                ""name"": ""eslint-plugin-jsx-a11y"",
                ""version"": ""6.10.2""
              },
              ""otherProperties"": ""[plugin properties are hidden to keep output brief]""
            }
          },
          ""rules"": {
            ""jsx-a11y/alt-text"": ""error"",
            ""jsx-a11y/anchor-has-content"": ""error"",
            ""jsx-a11y/anchor-is-valid"": ""error"",
            ""jsx-a11y/aria-activedescendant-has-tabindex"": ""error"",
            ""jsx-a11y/aria-props"": ""error"",
            ""jsx-a11y/aria-proptypes"": ""error"",
            ""jsx-a11y/aria-role"": ""error"",
            ""jsx-a11y/aria-unsupported-elements"": ""error"",
            ""jsx-a11y/autocomplete-valid"": ""error"",
            ""jsx-a11y/click-events-have-key-events"": ""error"",
            ""jsx-a11y/control-has-associated-label"": [
              ""off"",
              {
                ""ignoreElements"": [
                  ""audio"",
                  ""canvas"",
                  ""embed"",
                  ""input"",
                  ""textarea"",
                  ""tr"",
                  ""video""
                ],
                ""ignoreRoles"": [
                  ""grid"",
                  ""listbox"",
                  ""menu"",
                  ""menubar"",
                  ""radiogroup"",
                  ""row"",
                  ""tablist"",
                  ""toolbar"",
                  ""tree"",
                  ""treegrid""
                ],
                ""includeRoles"": [
                  ""alert"",
                  ""dialog""
                ]
              }
            ],
            ""jsx-a11y/heading-has-content"": ""error"",
            ""jsx-a11y/html-has-lang"": ""error"",
            ""jsx-a11y/iframe-has-title"": ""error"",
            ""jsx-a11y/img-redundant-alt"": ""error"",
            ""jsx-a11y/interactive-supports-focus"": [
              ""error"",
              {
                ""tabbable"": [
                  ""button"",
                  ""checkbox"",
                  ""link"",
                  ""progressbar"",
                  ""searchbox"",
                  ""slider"",
                  ""spinbutton"",
                  ""switch"",
                  ""textbox""
                ]
              }
            ],
            ""jsx-a11y/label-has-for"": ""off"",
            ""jsx-a11y/label-has-associated-control"": ""error"",
            ""jsx-a11y/media-has-caption"": ""error"",
            ""jsx-a11y/mouse-events-have-key-events"": ""error"",
            ""jsx-a11y/no-access-key"": ""error"",
            ""jsx-a11y/no-autofocus"": ""error"",
            ""jsx-a11y/no-distracting-elements"": ""error"",
            ""jsx-a11y/no-interactive-element-to-noninteractive-role"": ""error"",
            ""jsx-a11y/no-noninteractive-element-interactions"": [
              ""error"",
              {
                ""body"": [
                  ""onError"",
                  ""onLoad""
                ],
                ""iframe"": [
                  ""onError"",
                  ""onLoad""
                ],
                ""img"": [
                  ""onError"",
                  ""onLoad""
                ]
              }
            ],
            ""jsx-a11y/no-noninteractive-element-to-interactive-role"": ""error"",
            ""jsx-a11y/no-noninteractive-tabindex"": ""error"",
            ""jsx-a11y/no-redundant-roles"": ""error"",
            ""jsx-a11y/no-static-element-interactions"": ""error"",
            ""jsx-a11y/role-has-required-aria-props"": ""error"",
            ""jsx-a11y/role-supports-aria-props"": ""error"",
            ""jsx-a11y/scope"": ""error"",
            ""jsx-a11y/tabindex-no-positive"": ""error""
          },
          ""files"": ""[Exact same array as: <val>.baseConfig[13].files]""
        }
      ],
      ""overrideConfig"": [
        {
          ""plugins"": {
            ""@salesforce/aura"": {
              ""meta"": {
                ""name"": ""@salesforce/eslint-plugin-aura"",
                ""version"": ""3.0.0""
              },
              ""otherProperties"": ""[plugin properties are hidden to keep output brief]""
            }
          },
          ""files"": [
            ""**/aura/**/*.js""
          ],
          ""name"": ""UserConfig[0][0] > ExtendedConfig[0]""
        },
        {
          ""rules"": {
            ""constructor-super"": ""error"",
            ""for-direction"": ""error"",
            ""getter-return"": ""error"",
            ""no-async-promise-executor"": ""error"",
            ""no-case-declarations"": ""error"",
            ""no-class-assign"": ""error"",
            ""no-compare-neg-zero"": ""error"",
            ""no-cond-assign"": ""error"",
            ""no-const-assign"": ""error"",
            ""no-constant-binary-expression"": ""error"",
            ""no-constant-condition"": ""error"",
            ""no-control-regex"": ""error"",
            ""no-debugger"": ""error"",
            ""no-delete-var"": ""error"",
            ""no-dupe-args"": ""error"",
            ""no-dupe-class-members"": ""error"",
            ""no-dupe-else-if"": ""error"",
            ""no-dupe-keys"": ""error"",
            ""no-duplicate-case"": ""error"",
            ""no-empty"": ""error"",
            ""no-empty-character-class"": ""error"",
            ""no-empty-pattern"": ""error"",
            ""no-empty-static-block"": ""error"",
            ""no-ex-assign"": ""error"",
            ""no-extra-boolean-cast"": ""error"",
            ""no-fallthrough"": ""error"",
            ""no-func-assign"": ""error"",
            ""no-global-assign"": ""error"",
            ""no-import-assign"": ""error"",
            ""no-invalid-regexp"": ""error"",
            ""no-irregular-whitespace"": ""error"",
            ""no-loss-of-precision"": ""error"",
            ""no-misleading-character-class"": ""error"",
            ""no-new-native-nonconstructor"": ""error"",
            ""no-nonoctal-decimal-escape"": ""error"",
            ""no-obj-calls"": ""error"",
            ""no-octal"": ""error"",
            ""no-prototype-builtins"": ""error"",
            ""no-redeclare"": ""error"",
            ""no-regex-spaces"": ""error"",
            ""no-self-assign"": ""error"",
            ""no-setter-return"": ""error"",
            ""no-shadow-restricted-names"": ""error"",
            ""no-sparse-arrays"": ""error"",
            ""no-this-before-super"": ""error"",
            ""no-undef"": ""error"",
            ""no-unexpected-multiline"": ""error"",
            ""no-unreachable"": ""error"",
            ""no-unsafe-finally"": ""error"",
            ""no-unsafe-negation"": ""error"",
            ""no-unsafe-optional-chaining"": ""error"",
            ""no-unused-labels"": ""error"",
            ""no-unused-private-class-members"": ""error"",
            ""no-unused-vars"": ""error"",
            ""no-useless-backreference"": ""error"",
            ""no-useless-catch"": ""error"",
            ""no-useless-escape"": ""error"",
            ""no-with"": ""error"",
            ""require-yield"": ""error"",
            ""use-isnan"": ""error"",
            ""valid-typeof"": ""error""
          },
          ""files"": [
            ""**/aura/**/*.js""
          ],
          ""name"": ""UserConfig[0][0] > ExtendedConfig[1]""
        },
        {
          ""languageOptions"": {
            ""ecmaVersion"": 5,
            ""sourceType"": ""script"",
            ""globals"": ""[object is hidden to keep output brief]""
          },
          ""rules"": {
            ""no-console"": ""error"",
            ""array-callback-return"": ""error"",
            ""consistent-return"": ""error"",
            ""default-case"": ""error"",
            ""dot-notation"": [
              ""error"",
              {
                ""allowKeywords"": true
              }
            ],
            ""eqeqeq"": [
              ""error"",
              ""smart""
            ],
            ""guard-for-in"": ""error"",
            ""no-alert"": ""error"",
            ""no-caller"": ""error"",
            ""no-else-return"": ""error"",
            ""no-empty-function"": [
              ""error"",
              {
                ""allow"": [
                  ""arrowFunctions"",
                  ""functions"",
                  ""methods""
                ]
              }
            ],
            ""no-eval"": ""error"",
            ""no-extend-native"": ""error"",
            ""no-extra-bind"": ""error"",
            ""no-floating-decimal"": ""error"",
            ""no-implied-eval"": ""error"",
            ""no-iterator"": ""error"",
            ""no-labels"": ""error"",
            ""no-loop-func"": ""error"",
            ""no-multi-str"": ""error"",
            ""no-new"": ""error"",
            ""no-new-func"": ""error"",
            ""no-new-object"": ""error"",
            ""no-new-wrappers"": ""error"",
            ""no-octal-escape"": ""error"",
            ""no-proto"": ""error"",
            ""no-return-assign"": ""error"",
            ""no-return-await"": ""error"",
            ""no-script-url"": ""error"",
            ""no-self-compare"": ""error"",
            ""no-sequences"": ""error"",
            ""no-throw-literal"": ""error"",
            ""no-useless-concat"": ""error"",
            ""no-useless-escape"": ""error"",
            ""no-useless-return"": ""error"",
            ""no-unused-expressions"": ""error"",
            ""no-void"": ""error"",
            ""no-with"": ""error"",
            ""radix"": ""error"",
            ""vars-on-top"": ""error"",
            ""wrap-iife"": [
              ""error"",
              ""any""
            ],
            ""no-label-var"": ""error"",
            ""no-shadow"": ""error"",
            ""no-shadow-restricted-names"": ""error"",
            ""no-undef-init"": ""error"",
            ""no-unused-vars"": [
              ""error"",
              {
                ""vars"": ""all"",
                ""args"": ""after-used""
              }
            ],
            ""no-use-before-define"": [
              ""error"",
              {
                ""functions"": false
              }
            ],
            ""@salesforce/aura/aura-api"": ""error"",
            ""@salesforce/aura/getevt-markup-prefix"": ""error"",
            ""@salesforce/aura/no-deprecated-aura-error"": ""error"",
            ""@salesforce/aura/no-deprecated-component-creation"": ""error""
          },
          ""files"": [
            ""**/aura/**/*.js""
          ],
          ""name"": ""UserConfig[0][0] > ExtendedConfig[2]""
        },
        {
          ""plugins"": {
            ""@salesforce/aura"": {
              ""meta"": {
                ""name"": ""@salesforce/eslint-plugin-aura"",
                ""version"": ""3.0.0""
              },
              ""otherProperties"": ""[plugin properties are hidden to keep output brief]""
            }
          },
          ""files"": [
            ""**/aura/**/*.js""
          ],
          ""name"": ""UserConfig[0][0] > ExtendedConfig[3]""
        },
        {
          ""rules"": ""[Exact same object as: <val>.overrideConfig[1].rules]"",
          ""files"": [
            ""**/aura/**/*.js""
          ],
          ""name"": ""UserConfig[0][0] > ExtendedConfig[4]""
        },
        {
          ""languageOptions"": ""[Exact same object as: <val>.overrideConfig[2].languageOptions]"",
          ""rules"": ""[Exact same object as: <val>.overrideConfig[2].rules]"",
          ""files"": [
            ""**/aura/**/*.js""
          ],
          ""name"": ""UserConfig[0][0] > ExtendedConfig[5]""
        },
        {
          ""rules"": {
            ""no-array-constructor"": ""error"",
            ""@salesforce/aura/ecma-intrinsics"": ""error"",
            ""@salesforce/aura/secure-document"": ""error"",
            ""@salesforce/aura/secure-window"": ""error""
          },
          ""files"": [
            ""**/aura/**/*.js""
          ],
          ""name"": ""UserConfig[0][0] > ExtendedConfig[6]""
        },
        {
          ""files"": [
            ""**/aura/**/*.js""
          ]
        },
        {
          ""languageOptions"": {
            ""parser"": {
              ""meta"": {
                ""name"": ""@babel/eslint-parser"",
                ""version"": ""7.25.9""
              },
              ""parse"": ""[Function]"",
              ""parseForESLint"": ""[Function]""
            },
            ""parserOptions"": {
              ""requireConfigFile"": false,
              ""babelOptions"": {
                ""babelrc"": false,
                ""parserOpts"": {
                  ""plugins"": {
                    ""0"": {
                      ""meta"": {
                        ""name"": ""undefined"",
                        ""version"": ""undefined""
                      },
                      ""otherProperties"": ""[plugin properties are hidden to keep output brief]""
                    }
                  }
                }
              }
            },
            ""globals"": ""[object is hidden to keep output brief]""
          },
          ""plugins"": {
            ""@lwc/lwc"": {
              ""meta"": {
                ""name"": ""@lwc/eslint-plugin-lwc"",
                ""version"": ""3.5.0""
              },
              ""otherProperties"": ""[plugin properties are hidden to keep output brief]""
            }
          },
          ""rules"": {
            ""@lwc/lwc/no-deprecated"": ""error"",
            ""@lwc/lwc/valid-api"": ""error"",
            ""@lwc/lwc/valid-track"": ""error"",
            ""@lwc/lwc/valid-wire"": ""error"",
            ""@lwc/lwc/no-unknown-wire-adapters"": [
              ""error"",
              {
                ""adapters"": ""[array is hidden to keep output brief]""
              }
            ],
            ""@lwc/lwc/no-unexpected-wire-adapter-usages"": [
              ""error"",
              {
                ""adapters"": ""[array is hidden to keep output brief]""
              }
            ],
            ""@lwc/lwc/no-disallowed-lwc-imports"": ""error"",
            ""no-restricted-imports"": [
              ""error"",
              {
                ""patterns"": [
                  {
                    ""group"": [
                      ""@salesforce/lds"",
                      ""@salesforce/lds/**""
                    ],
                    ""message"": ""Please do not import from @salesforce/lds, these modules are ephemeral and could change at any time.""
                  }
                ]
              }
            ]
          },
          ""files"": [
            ""**/lwc/**/*.js""
          ],
          ""name"": ""UserConfig[0][1] > ExtendedConfig[0][0]""
        },
        {
          ""rules"": ""[Exact same object as: <val>.overrideConfig[1].rules]"",
          ""files"": [
            ""**/lwc/**/*.js""
          ],
          ""name"": ""UserConfig[0][1] > ExtendedConfig[0][1]""
        },
        {
          ""rules"": {
            ""import/no-unresolved"": 2,
            ""import/named"": 2,
            ""import/namespace"": 2,
            ""import/default"": 2,
            ""import/export"": 2
          },
          ""name"": ""UserConfig[0][1] > import/errors"",
          ""plugins"": {
            ""import"": {
              ""meta"": {
                ""name"": ""eslint-plugin-import"",
                ""version"": ""2.32.0""
              },
              ""otherProperties"": ""[plugin properties are hidden to keep output brief]""
            }
          },
          ""files"": [
            ""**/lwc/**/*.js""
          ]
        },
        {
          ""plugins"": {
            ""jest"": {
              ""meta"": {
                ""name"": ""eslint-plugin-jest"",
                ""version"": ""29.12.1""
              },
              ""otherProperties"": ""[plugin properties are hidden to keep output brief]""
            }
          },
          ""languageOptions"": {
            ""globals"": ""[object is hidden to keep output brief]""
          },
          ""rules"": {
            ""jest/expect-expect"": ""warn"",
            ""jest/no-alias-methods"": ""error"",
            ""jest/no-commented-out-tests"": ""warn"",
            ""jest/no-conditional-expect"": ""error"",
            ""jest/no-deprecated-functions"": ""error"",
            ""jest/no-disabled-tests"": ""warn"",
            ""jest/no-done-callback"": ""error"",
            ""jest/no-export"": ""error"",
            ""jest/no-focused-tests"": ""error"",
            ""jest/no-identical-title"": ""error"",
            ""jest/no-interpolation-in-snapshots"": ""error"",
            ""jest/no-jasmine-globals"": ""error"",
            ""jest/no-mocks-import"": ""error"",
            ""jest/no-standalone-expect"": ""error"",
            ""jest/no-test-prefixes"": ""error"",
            ""jest/valid-describe-callback"": ""error"",
            ""jest/valid-expect"": ""error"",
            ""jest/valid-expect-in-promise"": ""error"",
            ""jest/valid-title"": ""error""
          },
          ""files"": [
            ""**/lwc/**/*.js""
          ],
          ""name"": ""UserConfig[0][1] > ExtendedConfig[0][3]""
        },
        {
          ""plugins"": {
            ""@salesforce/lightning"": {
              ""meta"": {
                ""name"": ""@salesforce/eslint-plugin-lightning"",
                ""version"": ""2.0.0""
              },
              ""otherProperties"": ""[plugin properties are hidden to keep output brief]""
            }
          },
          ""languageOptions"": {
            ""globals"": ""[object is hidden to keep output brief]""
          },
          ""rules"": {
            ""no-await-in-loop"": ""error"",
            ""array-callback-return"": ""error"",
            ""consistent-return"": ""error"",
            ""default-case"": ""error"",
            ""dot-notation"": [
              ""error"",
              {
                ""allowKeywords"": true
              }
            ],
            ""eqeqeq"": [
              ""error"",
              ""smart""
            ],
            ""guard-for-in"": ""error"",
            ""no-alert"": ""error"",
            ""no-caller"": ""error"",
            ""no-else-return"": ""error"",
            ""no-empty-function"": [
              ""error"",
              {
                ""allow"": [
                  ""arrowFunctions"",
                  ""functions"",
                  ""methods""
                ]
              }
            ],
            ""no-eval"": ""error"",
            ""no-extend-native"": ""error"",
            ""no-extra-bind"": ""error"",
            ""no-floating-decimal"": ""error"",
            ""no-implied-eval"": ""error"",
            ""no-iterator"": ""error"",
            ""no-labels"": ""error"",
            ""no-loop-func"": ""error"",
            ""no-multi-str"": ""error"",
            ""no-new"": ""error"",
            ""no-new-func"": ""error"",
            ""no-new-object"": ""error"",
            ""no-new-wrappers"": ""error"",
            ""no-octal-escape"": ""error"",
            ""no-proto"": ""error"",
            ""no-return-assign"": ""error"",
            ""no-return-await"": ""error"",
            ""no-script-url"": ""error"",
            ""no-self-compare"": ""error"",
            ""no-sequences"": ""error"",
            ""no-throw-literal"": ""error"",
            ""no-useless-concat"": ""error"",
            ""no-useless-escape"": ""error"",
            ""no-useless-return"": ""error"",
            ""no-unused-expressions"": ""error"",
            ""no-void"": ""error"",
            ""no-with"": ""error"",
            ""radix"": ""error"",
            ""vars-on-top"": ""error"",
            ""wrap-iife"": [
              ""error"",
              ""any""
            ],
            ""no-label-var"": ""error"",
            ""no-restricted-globals"": [
              ""error"",
              ""addEventListener"",
              ""blur"",
              ""close"",
              ""closed"",
              ""confirm"",
              ""defaultStatus"",
              ""event"",
              ""external"",
              ""defaultstatus"",
              ""find"",
              ""focus"",
              ""frameElement"",
              ""frames"",
              ""history"",
              ""innerHeight"",
              ""innerWidth"",
              ""length"",
              ""location"",
              ""locationbar"",
              ""menubar"",
              ""moveBy"",
              ""moveTo"",
              ""name"",
              ""onblur"",
              ""onerror"",
              ""onfocus"",
              ""onload"",
              ""onresize"",
              ""onunload"",
              ""open"",
              ""opener"",
              ""opera"",
              ""outerHeight"",
              ""outerWidth"",
              ""pageXOffset"",
              ""pageYOffset"",
              ""parent"",
              ""print"",
              ""removeEventListener"",
              ""resizeBy"",
              ""resizeTo"",
              ""screen"",
              ""screenLeft"",
              ""screenTop"",
              ""screenX"",
              ""screenY"",
              ""scroll"",
              ""scrollbars"",
              ""scrollBy"",
              ""scrollTo"",
              ""scrollX"",
              ""scrollY"",
              ""self"",
              ""status"",
              ""statusbar"",
              ""stop"",
              ""toolbar"",
              ""top""
            ],
            ""no-shadow"": ""error"",
            ""no-shadow-restricted-names"": ""error"",
            ""no-undef-init"": ""error"",
            ""no-unused-vars"": [
              ""error"",
              {
                ""vars"": ""all"",
                ""args"": ""after-used""
              }
            ],
            ""no-use-before-define"": [
              ""error"",
              {
                ""functions"": false
              }
            ],
            ""handle-callback-err"": ""error"",
            ""no-confusing-arrow"": ""error"",
            ""no-useless-computed-key"": ""error"",
            ""no-useless-constructor"": ""error"",
            ""no-useless-rename"": ""error"",
            ""@lwc/lwc/no-api-reassignments"": ""error"",
            ""@lwc/lwc/no-async-operation"": ""error"",
            ""@lwc/lwc/no-attributes-during-construction"": ""error"",
            ""@lwc/lwc/no-document-query"": ""error"",
            ""@lwc/lwc/no-inner-html"": ""error"",
            ""@lwc/lwc/no-leading-uppercase-api-name"": ""error"",
            ""@lwc/lwc/no-template-children"": ""error"",
            ""@lwc/lwc/prefer-custom-event"": ""error"",
            ""@lwc/lwc/valid-api"": [
              ""error"",
              {
                ""disallowUnderscoreUppercaseMix"": true
              }
            ],
            ""@lwc/lwc/valid-graphql-wire-adapter-callback-parameters"": ""error"",
            ""@lwc/lwc/newer-version-available"": ""error"",
            ""@salesforce/lightning/valid-apex-method-invocation"": ""error"",
            ""import/no-unresolved"": ""off"",
            ""@lwc/lwc/no-dupe-class-members"": ""off""
          },
          ""files"": [
            ""**/lwc/**/*.js""
          ],
          ""name"": ""UserConfig[0][1] > ExtendedConfig[0][4]""
        },
        {
          ""files"": [
            ""**/lwc/**/*.js""
          ]
        },
        {
          ""languageOptions"": ""[Exact same object as: <val>.overrideConfig[8].languageOptions]"",
          ""plugins"": {
            ""@lwc/lwc"": {
              ""meta"": {
                ""name"": ""@lwc/eslint-plugin-lwc"",
                ""version"": ""3.5.0""
              },
              ""otherProperties"": ""[plugin properties are hidden to keep output brief]""
            }
          },
          ""rules"": ""[Exact same object as: <val>.overrideConfig[8].rules]"",
          ""files"": [
            ""**/lwc/**/*.test.js""
          ],
          ""name"": ""UserConfig[0][2] > ExtendedConfig[0][0]""
        },
        {
          ""rules"": ""[Exact same object as: <val>.overrideConfig[1].rules]"",
          ""files"": [
            ""**/lwc/**/*.test.js""
          ],
          ""name"": ""UserConfig[0][2] > ExtendedConfig[0][1]""
        },
        {
          ""rules"": ""[Exact same object as: <val>.overrideConfig[10].rules]"",
          ""name"": ""UserConfig[0][2] > import/errors"",
          ""plugins"": {
            ""import"": {
              ""meta"": {
                ""name"": ""eslint-plugin-import"",
                ""version"": ""2.32.0""
              },
              ""otherProperties"": ""[plugin properties are hidden to keep output brief]""
            }
          },
          ""files"": [
            ""**/lwc/**/*.test.js""
          ]
        },
        {
          ""plugins"": {
            ""jest"": {
              ""meta"": {
                ""name"": ""eslint-plugin-jest"",
                ""version"": ""29.12.1""
              },
              ""otherProperties"": ""[plugin properties are hidden to keep output brief]""
            }
          },
          ""languageOptions"": ""[Exact same object as: <val>.overrideConfig[11].languageOptions]"",
          ""rules"": ""[Exact same object as: <val>.overrideConfig[11].rules]"",
          ""files"": [
            ""**/lwc/**/*.test.js""
          ],
          ""name"": ""UserConfig[0][2] > ExtendedConfig[0][3]""
        },
        {
          ""plugins"": {
            ""@salesforce/lightning"": {
              ""meta"": {
                ""name"": ""@salesforce/eslint-plugin-lightning"",
                ""version"": ""2.0.0""
              },
              ""otherProperties"": ""[plugin properties are hidden to keep output brief]""
            }
          },
          ""languageOptions"": ""[Exact same object as: <val>.overrideConfig[12].languageOptions]"",
          ""rules"": ""[Exact same object as: <val>.overrideConfig[12].rules]"",
          ""files"": [
            ""**/lwc/**/*.test.js""
          ],
          ""name"": ""UserConfig[0][2] > ExtendedConfig[0][4]""
        },
        {
          ""files"": [
            ""**/lwc/**/*.test.js""
          ],
          ""rules"": {
            ""@lwc/lwc/no-unexpected-wire-adapter-usages"": ""off""
          },
          ""languageOptions"": {
            ""globals"": ""[object is hidden to keep output brief]""
          }
        },
        {
          ""rules"": ""[Exact same object as: <val>.overrideConfig[1].rules]"",
          ""files"": [
            ""**/jest-mocks/**/*.js""
          ],
          ""name"": ""UserConfig[0][3] > eslintJs/recommended""
        },
        {
          ""files"": [
            ""**/jest-mocks/**/*.js""
          ],
          ""languageOptions"": {
            ""sourceType"": ""module"",
            ""ecmaVersion"": ""latest"",
            ""globals"": ""[object is hidden to keep output brief]""
          },
          ""plugins"": {
            ""eslintJs"": {
              ""meta"": {
                ""name"": ""@eslint/js"",
                ""version"": ""9.39.4""
              },
              ""otherProperties"": ""[plugin properties are hidden to keep output brief]""
            }
          }
        },
        {
          ""plugins"": {
            ""engineProgressPlugin"": {
              ""meta"": {
                ""name"": ""undefined"",
                ""version"": ""undefined""
              },
              ""otherProperties"": ""[plugin properties are hidden to keep output brief]""
            }
          },
          ""rules"": {
            ""engineProgressPlugin/emitProgressRule"": [
              ""error""
            ]
          }
        }
      ],
      ""overrideConfigFile"": true,
      ""ruleFilter"": ""[Function]""
    }
    at wrapESLintError (C:\Users\rodri\AppData\Local\sf\node_modules\@salesforce\plugin-code-analyzer\node_modules\@salesforce\code-analyzer-eslint-engine\dist\eslint-wrapper.js:163:12)
    at async ESLintWrapper.lintFiles (C:\Users\rodri\AppData\Local\sf\node_modules\@salesforce\plugin-code-analyzer\node_modules\@salesforce\code-analyzer-eslint-engine\dist\eslint-wrapper.js:133:19)
    at async RunESLintWorkerTask.exec (C:\Users\rodri\AppData\Local\sf\node_modules\@salesforce\plugin-code-analyzer\node_modules\@salesforce\code-analyzer-eslint-engine\dist\run-eslint-worker-task.js:61:16)
    at async C:\Users\rodri\AppData\Local\Temp\code-analyzer-52mKx9\run-2026_04_29_16_27_28_321\eslint\RunESLintWorkerTask_worker_script.cjs:13:20",
"ApexDoc","pmd",4,"Recommended,Documentation,Apex","force-app\main\default\classes\AccountService.cls",1,21,14,2,"Missing ApexDoc comment","https://docs.pmd-code.org/pmd-doc-7.22.0/pmd_rules_apex_documentation.html#apexdoc"
"ApexDoc","pmd",4,"Recommended,Documentation,Apex","force-app\main\default\classes\AccountService.cls",2,17,13,4,"Missing ApexDoc comment","https://docs.pmd-code.org/pmd-doc-7.22.0/pmd_rules_apex_documentation.html#apexdoc"
"AnnotationsNamingConventions","pmd",4,"Recommended,CodeStyle,Apex","force-app\main\default\classes\AccountServiceTest.cls",1,1,1,8,"The annotation @isTest should be in PascalCase: @IsTest","https://docs.pmd-code.org/pmd-doc-7.22.0/pmd_rules_apex_codestyle.html#annotationsnamingconventions"
"AnnotationsNamingConventions","pmd",4,"Recommended,CodeStyle,Apex","force-app\main\default\classes\AccountServiceTest.cls",3,3,3,10,"The annotation @isTest should be in PascalCase: @IsTest","https://docs.pmd-code.org/pmd-doc-7.22.0/pmd_rules_apex_codestyle.html#annotationsnamingconventions"
"ApexUnitTestClassShouldHaveRunAs","pmd",4,"Recommended,BestPractices,Apex","force-app\main\default\classes\AccountServiceTest.cls",4,10,18,4,"Apex unit test classes should have at least one System.runAs() call","https://docs.pmd-code.org/pmd-doc-7.22.0/pmd_rules_apex_bestpractices.html#apexunittestclassshouldhaverunas"
"CamelCaseMethodNaming","pmd",3,"CustomPMD","force-app\main\default\classes\AccountServiceTest.cls",4,10,18,4,"Method names must be in camelCase (e.g., calculateTotal).",
"MethodNamingConventions","pmd",3,"Recommended,CodeStyle,Apex","force-app\main\default\classes\AccountServiceTest.cls",4,10,18,4,"The test method name 'should_create_account' doesn't match '[a-z][a-zA-Z0-9]*'","https://docs.pmd-code.org/pmd-doc-7.22.0/pmd_rules_apex_codestyle.html#methodnamingconventions"
"ApexDoc","pmd",4,"Recommended,Documentation,Apex","force-app\main\default\classes\AccountWrapper.cls",1,21,36,2,"Missing ApexDoc comment","https://docs.pmd-code.org/pmd-doc-7.22.0/pmd_rules_apex_documentation.html#apexdoc"
"ApexDoc","pmd",4,"Recommended,Documentation,Apex","force-app\main\default\classes\AccountWrapper.cls",2,10,3,4,"Missing ApexDoc comment","https://docs.pmd-code.org/pmd-doc-7.22.0/pmd_rules_apex_documentation.html#apexdoc"
"FieldDeclarationsShouldBeAtStart","pmd",3,"Recommended,CodeStyle,Apex","force-app\main\default\classes\AccountWrapper.cls",5,11,5,22,"Field declaration for 'thisAccount' should be before method declarations in its class","https://docs.pmd-code.org/pmd-doc-7.22.0/pmd_rules_apex_codestyle.html#fielddeclarationsshouldbeatstart"
"ApexDoc","pmd",4,"Recommended,Documentation,Apex","force-app\main\default\classes\AccountWrapper.cls",7,10,9,4,"Missing ApexDoc comment","https://docs.pmd-code.org/pmd-doc-7.22.0/pmd_rules_apex_documentation.html#apexdoc"
"ApexDoc","pmd",4,"Recommended,Documentation,Apex","force-app\main\default\classes\AccountWrapper.cls",11,10,28,4,"Missing ApexDoc comment","https://docs.pmd-code.org/pmd-doc-7.22.0/pmd_rules_apex_documentation.html#apexdoc"
"ApexDoc","pmd",4,"Recommended,Documentation,Apex","force-app\main\default\classes\AccountWrapper.cls",30,10,35,4,"Missing ApexDoc comment","https://docs.pmd-code.org/pmd-doc-7.22.0/pmd_rules_apex_documentation.html#apexdoc"
"AnnotationsNamingConventions","pmd",4,"Recommended,CodeStyle,Apex","force-app\main\default\classes\AccountWrapperMock.cls",1,1,1,8,"The annotation @isTest should be in PascalCase: @IsTest","https://docs.pmd-code.org/pmd-doc-7.22.0/pmd_rules_apex_codestyle.html#annotationsnamingconventions"
"ExcessiveParameterList","pmd",3,"Recommended,Design,Apex","force-app\main\default\classes\AccountWrapperMock.cls",4,10,10,28,"Avoid long parameter lists (6 parameters - threshold is 4).","https://docs.pmd-code.org/pmd-doc-7.22.0/pmd_rules_apex_design.html#excessiveparameterlist"
"ApexDoc","pmd",4,"Recommended,Documentation,Apex","force-app\main\default\classes\AccountWrapperMock.cls",4,10,21,4,"Missing ApexDoc comment","https://docs.pmd-code.org/pmd-doc-7.22.0/pmd_rules_apex_documentation.html#apexdoc"
"ApexUnitTestClassShouldHaveRunAs","pmd",4,"Recommended,BestPractices,Apex","force-app\main\default\classes\AccountWrapperTests.cls",34,10,50,4,"Apex unit test classes should have at least one System.runAs() call","https://docs.pmd-code.org/pmd-doc-7.22.0/pmd_rules_apex_bestpractices.html#apexunittestclassshouldhaverunas"
"ApexUnitTestClassShouldHaveRunAs","pmd",4,"Recommended,BestPractices,Apex","force-app\main\default\classes\AccountWrapperTests.cls",53,10,68,4,"Apex unit test classes should have at least one System.runAs() call","https://docs.pmd-code.org/pmd-doc-7.22.0/pmd_rules_apex_bestpractices.html#apexunittestclassshouldhaverunas"
"ApexDoc","pmd",4,"Recommended,Documentation,Apex","force-app\main\default\classes\BadBunchController.cls",10,17,22,4,"Missing ApexDoc @return","https://docs.pmd-code.org/pmd-doc-7.22.0/pmd_rules_apex_documentation.html#apexdoc"
"ApexDoc","pmd",4,"Recommended,Documentation,Apex","force-app\main\default\classes\BadBunchController.cls",10,17,22,4,"Missing or mismatched ApexDoc @param","https://docs.pmd-code.org/pmd-doc-7.22.0/pmd_rules_apex_documentation.html#apexdoc"
"ApexDoc","pmd",4,"Recommended,Documentation,Apex","force-app\main\default\classes\BadBunchController.cls",29,17,35,4,"Missing ApexDoc @return","https://docs.pmd-code.org/pmd-doc-7.22.0/pmd_rules_apex_documentation.html#apexdoc"
"ApexDoc","pmd",4,"Recommended,Documentation,Apex","force-app\main\default\classes\BadBunchController.cls",29,17,35,4,"Missing or mismatched ApexDoc @param","https://docs.pmd-code.org/pmd-doc-7.22.0/pmd_rules_apex_documentation.html#apexdoc"
"ApexDoc","pmd",4,"Recommended,Documentation,Apex","force-app\main\default\classes\BadBunchController.cls",38,17,51,4,"Missing ApexDoc comment","https://docs.pmd-code.org/pmd-doc-7.22.0/pmd_rules_apex_documentation.html#apexdoc"
"IfStmtsMustUseBraces","pmd",3,"Recommended,CodeStyle,Apex","force-app\main\default\classes\BadBunchController.cls",44,9,44,18,"Avoid using if statements without curly braces","https://docs.pmd-code.org/pmd-doc-7.22.0/pmd_rules_apex_codestyle.html#ifstmtsmustusebraces"
"IfElseStmtsMustUseBraces","pmd",3,"Recommended,CodeStyle,Apex","force-app\main\default\classes\BadBunchController.cls",44,9,44,18,"Avoid using if...else statements without curly braces","https://docs.pmd-code.org/pmd-doc-7.22.0/pmd_rules_apex_codestyle.html#ifelsestmtsmustusebraces"
"ApexDoc","pmd",4,"Recommended,Documentation,Apex","force-app\main\default\classes\Calculator.cls",1,8,34,2,"Missing ApexDoc comment","https://docs.pmd-code.org/pmd-doc-7.22.0/pmd_rules_apex_documentation.html#apexdoc"
"ApexDoc","pmd",4,"Recommended,Documentation,Apex","force-app\main\default\classes\Calculator.cls",2,10,3,4,"Missing ApexDoc comment","https://docs.pmd-code.org/pmd-doc-7.22.0/pmd_rules_apex_documentation.html#apexdoc"
"ApexDoc","pmd",4,"Recommended,Documentation,Apex","force-app\main\default\classes\Calculator.cls",5,17,7,4,"Missing ApexDoc comment","https://docs.pmd-code.org/pmd-doc-7.22.0/pmd_rules_apex_documentation.html#apexdoc"
"ApexDoc","pmd",4,"Recommended,Documentation,Apex","force-app\main\default\classes\Calculator.cls",9,17,11,4,"Missing ApexDoc comment","https://docs.pmd-code.org/pmd-doc-7.22.0/pmd_rules_apex_documentation.html#apexdoc"
"ApexDoc","pmd",4,"Recommended,Documentation,Apex","force-app\main\default\classes\Calculator.cls",13,17,20,4,"Missing ApexDoc comment","https://docs.pmd-code.org/pmd-doc-7.22.0/pmd_rules_apex_documentation.html#apexdoc"
"ApexDoc","pmd",4,"Recommended,Documentation,Apex","force-app\main\default\classes\Calculator.cls",22,17,33,4,"Missing ApexDoc comment","https://docs.pmd-code.org/pmd-doc-7.22.0/pmd_rules_apex_documentation.html#apexdoc"
"ApexUnitTestClassShouldHaveRunAs","pmd",4,"Recommended,BestPractices,Apex","force-app\main\default\classes\CalculatorTests.cls",4,10,17,4,"Apex unit test classes should have at least one System.runAs() call","https://docs.pmd-code.org/pmd-doc-7.22.0/pmd_rules_apex_bestpractices.html#apexunittestclassshouldhaverunas"
"ApexDoc","pmd",4,"Recommended,Documentation,Apex","force-app\main\default\classes\ExternalSearch.cls",1,8,18,2,"Missing ApexDoc comment","https://docs.pmd-code.org/pmd-doc-7.22.0/pmd_rules_apex_documentation.html#apexdoc"
"ApexDoc","pmd",4,"Recommended,Documentation,Apex","force-app\main\default\classes\ExternalSearch.cls",2,10,3,4,"Missing ApexDoc comment","https://docs.pmd-code.org/pmd-doc-7.22.0/pmd_rules_apex_documentation.html#apexdoc"
"ApexDoc","pmd",4,"Recommended,Documentation,Apex","force-app\main\default\classes\ExternalSearch.cls",5,17,17,4,"Missing ApexDoc comment","https://docs.pmd-code.org/pmd-doc-7.22.0/pmd_rules_apex_documentation.html#apexdoc"
"ApexUnitTestClassShouldHaveRunAs","pmd",4,"Recommended,BestPractices,Apex","force-app\main\default\classes\ExternalSearchTests.cls",4,10,19,4,"Apex unit test classes should have at least one System.runAs() call","https://docs.pmd-code.org/pmd-doc-7.22.0/pmd_rules_apex_bestpractices.html#apexunittestclassshouldhaverunas"
"ApexUnitTestClassShouldHaveRunAs","pmd",4,"Recommended,BestPractices,Apex","force-app\main\default\classes\ExternalSearchTests.cls",22,10,40,4,"Apex unit test classes should have at least one System.runAs() call","https://docs.pmd-code.org/pmd-doc-7.22.0/pmd_rules_apex_bestpractices.html#apexunittestclassshouldhaverunas"
"AvoidGlobalModifier","pmd",3,"Recommended,BestPractices,Apex","force-app\main\default\classes\HTTPMockFactory.cls",2,8,20,2,"Avoid using global modifier","https://docs.pmd-code.org/pmd-doc-7.22.0/pmd_rules_apex_bestpractices.html#avoidglobalmodifier"
"ApexDoc","pmd",4,"Recommended,Documentation,Apex","force-app\main\default\classes\HTTPMockFactory.cls",7,10,11,4,"Missing ApexDoc comment","https://docs.pmd-code.org/pmd-doc-7.22.0/pmd_rules_apex_documentation.html#apexdoc"
"ApexDoc","pmd",4,"Recommended,Documentation,Apex","force-app\main\default\classes\HTTPMockFactory.cls",13,10,19,4,"Missing ApexDoc comment","https://docs.pmd-code.org/pmd-doc-7.22.0/pmd_rules_apex_documentation.html#apexdoc"
"ApexDoc","pmd",4,"Recommended,Documentation,Apex","force-app\main\default\classes\HouseService.cls",1,21,14,2,"Missing ApexDoc comment","https://docs.pmd-code.org/pmd-doc-7.22.0/pmd_rules_apex_documentation.html#apexdoc"
"ApexDoc","pmd",4,"Recommended,Documentation,Apex","force-app\main\default\classes\HouseService.cls",3,17,13,4,"Missing ApexDoc comment","https://docs.pmd-code.org/pmd-doc-7.22.0/pmd_rules_apex_documentation.html#apexdoc"
"AvoidNonRestrictiveQueries","pmd",4,"Recommended,Performance,Apex","force-app\main\default\classes\HouseService.cls",6,14,9,8,"Avoid SOQL queries without a where or limit statement","https://docs.pmd-code.org/pmd-doc-7.22.0/pmd_rules_apex_performance.html#avoidnonrestrictivequeries"
"ApexCRUDViolation","pmd",2,"Recommended,Security,Apex","force-app\main\default\classes\HouseService.cls",6,14,9,8,"Validate CRUD permission before SOQL/DML operation or enforce user mode","https://docs.pmd-code.org/pmd-doc-7.22.0/pmd_rules_apex_security.html#apexcrudviolation"
"ApexUnitTestClassShouldHaveRunAs","pmd",4,"Recommended,BestPractices,Apex","force-app\main\default\classes\MyDataGenerationTests.cls",9,10,12,4,"Apex unit test classes should have at least one System.runAs() call","https://docs.pmd-code.org/pmd-doc-7.22.0/pmd_rules_apex_bestpractices.html#apexunittestclassshouldhaverunas"
"AnnotationsNamingConventions","pmd",4,"Recommended,CodeStyle,Apex","force-app\main\default\classes\Test_BadBunchController.cls",1,1,1,8,"The annotation @isTest should be in PascalCase: @IsTest","https://docs.pmd-code.org/pmd-doc-7.22.0/pmd_rules_apex_codestyle.html#annotationsnamingconventions"
"AnnotationsNamingConventions","pmd",4,"Recommended,CodeStyle,Apex","force-app\main\default\classes\Test_BadBunchController.cls",3,3,3,10,"The annotation @isTest should be in PascalCase: @IsTest","https://docs.pmd-code.org/pmd-doc-7.22.0/pmd_rules_apex_codestyle.html#annotationsnamingconventions"
"ApexUnitTestClassShouldHaveRunAs","pmd",4,"Recommended,BestPractices,Apex","force-app\main\default\classes\Test_BadBunchController.cls",4,10,10,4,"Apex unit test classes should have at least one System.runAs() call","https://docs.pmd-code.org/pmd-doc-7.22.0/pmd_rules_apex_bestpractices.html#apexunittestclassshouldhaverunas"
"TriggerEntryCriteria","flow",2,"Recommended,Performance,XML","force-app\main\default\flows\Add_Generator_Product_to_Named_Opps.flow-meta.xml",155,1,,,"The record trigger flow has no entry criteria. All record trigger flows should have entry criteria specified in the flow trigger definition rather than solely in the flow's own business logic.",
"TriggerEntryCriteria","flow",2,"Recommended,Performance,XML","force-app\main\default\flows\Check_New_Lead_for_Matching_Account.flow-meta.xml",84,1,,,"The record trigger flow has no entry criteria. All record trigger flows should have entry criteria specified in the flow trigger definition rather than solely in the flow's own business logic.",
"SameRecordUpdate","flow",3,"Recommended,Security,XML","force-app\main\default\flows\Check_New_Lead_for_Matching_Account.flow-meta.xml",67,1,,,"An AfterSave record trigger is modifying the same record. Record modifications should be done in BeforeSave triggers, not AfterSave triggers. The trigger definition may be in a parent flow that calls the current flow as a subflow, passing in the recordId of the trigger record.",
